{
  "train_loss": [
    7.010086704577718,
    4.469306588882492,
    2.4804474789471853,
    1.6250492270503725,
    1.3811005765483493,
    1.291738747840836,
    1.255573225163278,
    1.2012502884580976,
    1.1791205179123652,
    1.1617109058868318,
    1.1414331900221961,
    1.1317085723082225,
    1.122626434479441,
    1.0938068741843814,
    1.0774361100934802,
    1.060252581323896,
    1.0628687405870074,
    1.0792633366017115,
    1.0655231780949093,
    1.0502053499221802,
    1.0653989825929915,
    1.0532777295226143,
    1.0667417432580675,
    1.057636491599537,
    1.0543209300154732,
    1.059916540980339,
    1.0512684136629105,
    1.053649631284532,
    1.0725917326552528,
    1.0493624189070292
  ],
  "val_loss": [
    0.1761904859117099,
    0.6047619325774056,
    0.9000000357627869,
    0.9714285986764091,
    0.9761904988970075,
    1.0,
    0.9714285986764091,
    0.9952380997794015,
    0.9761904988970075,
    0.980952399117606,
    0.9666666984558105,
    1.0,
    1.0,
    1.0,
    1.0,
    0.9952380997794015,
    1.0,
    0.9904761995588031,
    0.9857142993382045,
    1.0,
    0.9761904988970075,
    0.9952380997794015,
    1.0,
    0.9904761995588031,
    0.9952380997794015,
    0.9904761995588031,
    1.0,
    0.9904761995588031,
    0.9904761995588031,
    0.9904761995588031
  ],
  "train_acc": [
    0.042857145269711815,
    0.23015874198504857,
    0.6174603530338832,
    0.8539683052471706,
    0.9238095652489435,
    0.9539682893525987,
    0.9571428866613478,
    0.9809523962792897,
    0.9793650933674404,
    0.9841269964263553,
    0.987301596573421,
    0.9841269992646717,
    0.9873015994117373,
    0.9952380997794015,
    0.9952380997794015,
    0.9984126999264672,
    0.9984126999264672,
    0.9936507997058687,
    0.9952380997794015,
    0.9968253998529344,
    0.9968253998529344,
    0.9952380997794015,
    0.9936507997058687,
    0.9936507997058687,
    0.9952380997794015,
    0.9920634996323359,
    0.9888888994852701,
    0.9968253998529344,
    0.9904761995588031,
    0.9952380997794015
  ],
  "val_acc": [
    0.1761904859117099,
    0.6047619325774056,
    0.9000000357627869,
    0.9714285986764091,
    0.9761904988970075,
    1.0,
    0.9714285986764091,
    0.9952380997794015,
    0.9761904988970075,
    0.980952399117606,
    0.9666666984558105,
    1.0,
    1.0,
    1.0,
    1.0,
    0.9952380997794015,
    1.0,
    0.9904761995588031,
    0.9857142993382045,
    1.0,
    0.9761904988970075,
    0.9952380997794015,
    1.0,
    0.9904761995588031,
    0.9952380997794015,
    0.9904761995588031,
    1.0,
    0.9904761995588031,
    0.9904761995588031,
    0.9904761995588031
  ],
  "triplet_loss": [
    0.11236098621572767,
    0.09870062058880216,
    0.06341231365998586,
    0.059464845628965465,
    0.028530071179072063,
    0.00522522060644059,
    0.0034478995062056043,
    0.008631413181622824,
    0.0,
    0.005164290467898051,
    0.0045025597016016645,
    0.0038179116589682443,
    0.009439416584514436,
    0.0,
    0.006082260182925633,
    0.0,
    0.0004629556621823992,
    0.007332383167176019,
    0.003440433314868382,
    0.0,
    0.016078790028889973,
    0.0020411397729601178,
    0.012297560771306356,
    0.0002907833882740566,
    0.008651283525285266,
    0.013693893949190775,
    0.00010055658363160633,
    0.008342437800906953,
    0.013152879618463061,
    0.0001487597113563901
  ],
  "ce_loss": [
    6.897725718361991,
    4.37060596829369,
    2.4170351652871993,
    1.565584381421407,
    1.3525705053692771,
    1.2865135272343953,
    1.2521253256570726,
    1.1926188752764748,
    1.1791205179123652,
    1.1565466154189337,
    1.1369306303205944,
    1.1278906606492543,
    1.1131870178949266,
    1.0938068741843814,
    1.0713538499105544,
    1.060252581323896,
    1.062405784924825,
    1.0719309534345354,
    1.062082744780041,
    1.0502053499221802,
    1.0493201925641014,
    1.051236589749654,
    1.0544441824867612,
    1.057345708211263,
    1.0456696464901878,
    1.0462226470311482,
    1.0511678570792788,
    1.045307193483625,
    1.0594388530367898,
    1.0492136591956729
  ],
  "learning_rate": [
    2.9999999999999997e-05,
    5.9999999999999995e-05,
    0.00014999999999999996,
    0.0002999999999999999,
    0.00029774395132231286,
    0.0002910443541867074,
    0.00028010477246198916,
    0.0002652575998031682,
    0.00024695396003845103,
    0.00022574999999999996,
    0.0002022899912838618,
    0.00017728675438353914,
    0.00015149999999999997,
    0.00012571324561646083,
    0.00010071000871613823,
    7.725000000000002e-05,
    5.604603996154889e-05,
    3.7742400196831774e-05,
    2.289522753801088e-05,
    1.1955645813292614e-05,
    5.2560486776871085e-06,
    2.9999999999999997e-06,
    2.9999999999999997e-06,
    2.9999999999999997e-06,
    2.9999999999999997e-06,
    2.9999999999999997e-06,
    2.9999999999999997e-06,
    2.9999999999999997e-06,
    2.9999999999999997e-06,
    2.9999999999999997e-06
  ]
}